,Day,Lab Test,Confirmed case,Death Case,Number of Vaccinations (First Dose),Number of Vaccinations (Second Dose)
0,2020-04-04 00:00:00,434,9,2,0.0,0.0
1,2020-04-05 00:00:00,367,18,1,0.0,0.0
2,2020-04-06 00:00:00,468,35,3,0.0,0.0
3,2020-04-07 00:00:00,679,41,5,0.0,0.0
4,2020-04-08 00:00:00,981,54,3,0.0,0.0
5,2020-04-09 00:00:00,905,112,1,0.0,0.0
6,2020-04-10 00:00:00,1184,94,6,0.0,0.0
7,2020-04-11 00:00:00,954,58,3,0.0,0.0
8,2020-04-12 00:00:00,1340,139,4,0.0,0.0
9,2020-04-13 00:00:00,1570,182,5,0.0,0.0
10,2020-04-14 00:00:00,1905,209,7,0.0,0.0
11,2020-04-15 00:00:00,1740,219,4,0.0,0.0
12,2020-04-16 00:00:00,2019,341,10,0.0,0.0
13,2020-04-17 00:00:00,2190,266,15,0.0,0.0
14,2020-04-18 00:00:00,2114,306,9,0.0,0.0
15,2020-04-19 00:00:00,2634,312,7,0.0,0.0
16,2020-04-20 00:00:00,2779,492,10,0.0,0.0
17,2020-04-21 00:00:00,2974,434,9,0.0,0.0
18,2020-04-22 00:00:00,3096,390,10,0.0,0.0
19,2020-04-23 00:00:00,3416,414,7,0.0,0.0
20,2020-04-24 00:00:00,3686,503,4,0.0,0.0
21,2020-04-25 00:00:00,3337,309,9,0.0,0.0
22,2020-04-26 00:00:00,3476,418,5,0.0,0.0
23,2020-04-27 00:00:00,3812,497,7,0.0,0.0
24,2020-04-28 00:00:00,4332,549,3,0.0,0.0
25,2020-04-29 00:00:00,4968,641,8,0.0,0.0
26,2020-04-30 00:00:00,4965,564,5,0.0,0.0
27,2020-05-01 00:00:00,5573,571,2,0.0,0.0
28,2020-05-02 00:00:00,5827,552,5,0.0,0.0
29,2020-05-03 00:00:00,5368,665,2,0.0,0.0
30,2020-05-04 00:00:00,6260,688,5,0.0,0.0
31,2020-05-05 00:00:00,5711,786,1,0.0,0.0
32,2020-05-06 00:00:00,6241,790,3,0.0,0.0
33,2020-05-07 00:00:00,5867,706,13,0.0,0.0
34,2020-05-08 00:00:00,5941,709,7,0.0,0.0
35,2020-05-09 00:00:00,5465,636,8,0.0,0.0
36,2020-05-10 00:00:00,5638,887,14,0.0,0.0
37,2020-05-11 00:00:00,7208,1034,11,0.0,0.0
38,2020-05-12 00:00:00,6773,969,11,0.0,0.0
39,2020-05-13 00:00:00,7900,1162,19,0.0,0.0
40,2020-05-14 00:00:00,7392,1041,14,0.0,0.0
41,2020-05-15 00:00:00,8582,1202,15,0.0,0.0
42,2020-05-16 00:00:00,6782,930,16,0.0,0.0
43,2020-05-17 00:00:00,8184,1273,14,0.0,0.0
44,2020-05-18 00:00:00,9788,1602,21,0.0,0.0
45,2020-05-19 00:00:00,8449,1251,21,0.0,0.0
46,2020-05-20 00:00:00,10207,1617,16,0.0,0.0
47,2020-05-21 00:00:00,10262,1773,22,0.0,0.0
48,2020-05-22 00:00:00,9727,1694,24,0.0,0.0
49,2020-05-23 00:00:00,10834,1873,20,0.0,0.0
50,2020-05-24 00:00:00,8908,1532,28,0.0,0.0
51,2020-05-25 00:00:00,9451,1975,21,0.0,0.0
52,2020-05-26 00:00:00,5407,1166,21,0.0,0.0
53,2020-05-27 00:00:00,8015,1541,22,0.0,0.0
54,2020-05-28 00:00:00,9310,2029,15,0.0,0.0
55,2020-05-29 00:00:00,11301,2523,23,0.0,0.0
56,2020-05-30 00:00:00,9987,1764,28,0.0,0.0
57,2020-05-31 00:00:00,11876,2545,40,0.0,0.0
58,2020-06-01 00:00:00,11439,2381,22,0.0,0.0
59,2020-06-02 00:00:00,12704,2911,37,0.0,0.0
60,2020-06-03 00:00:00,12510,2695,37,0.0,0.0
61,2020-06-04 00:00:00,12694,2423,35,0.0,0.0
62,2020-06-05 00:00:00,14088,2828,30,0.0,0.0
63,2020-06-06 00:00:00,12486,2635,35,0.0,0.0
64,2020-06-07 00:00:00,13136,2743,42,0.0,0.0
65,2020-06-08 00:00:00,12944,2735,42,0.0,0.0
66,2020-06-09 00:00:00,14668,3171,45,0.0,0.0
67,2020-06-10 00:00:00,15965,3190,37,0.0,0.0
68,2020-06-11 00:00:00,15772,3187,37,0.0,0.0
69,2020-06-12 00:00:00,15990,3471,46,0.0,0.0
70,2020-06-13 00:00:00,16638,2856,44,0.0,0.0
71,2020-06-14 00:00:00,14505,3141,32,0.0,0.0
72,2020-06-15 00:00:00,15038,3099,38,0.0,0.0
73,2020-06-16 00:00:00,17214,3862,53,0.0,0.0
74,2020-06-17 00:00:00,17527,4008,43,0.0,0.0
75,2020-06-18 00:00:00,16259,3803,38,0.0,0.0
76,2020-06-19 00:00:00,15045,3243,45,0.0,0.0
77,2020-06-20 00:00:00,14031,3240,37,0.0,0.0
78,2020-06-21 00:00:00,15585,3531,39,0.0,0.0
79,2020-06-22 00:00:00,15555,3480,38,0.0,0.0
80,2020-06-23 00:00:00,16292,3412,43,0.0,0.0
81,2020-06-24 00:00:00,16433,3462,37,0.0,0.0
82,2020-06-25 00:00:00,17999,3946,39,0.0,0.0
83,2020-06-26 00:00:00,18498,3868,40,0.0,0.0
84,2020-06-27 00:00:00,15157,3504,34,0.0,0.0
85,2020-06-28 00:00:00,18099,3809,43,0.0,0.0
86,2020-06-29 00:00:00,17837,4014,45,0.0,0.0
87,2020-06-30 00:00:00,18426,3682,64,0.0,0.0
88,2020-07-01 00:00:00,17875,3775,41,0.0,0.0
89,2020-07-02 00:00:00,18362,4019,38,0.0,0.0
90,2020-07-03 00:00:00,14650,3114,42,0.0,0.0
91,2020-07-04 00:00:00,14727,3288,29,0.0,0.0
92,2020-07-05 00:00:00,13988,2738,55,0.0,0.0
93,2020-07-06 00:00:00,14245,3201,44,0.0,0.0
94,2020-07-07 00:00:00,13173,3027,55,0.0,0.0
95,2020-07-08 00:00:00,15672,3489,46,0.0,0.0
96,2020-07-09 00:00:00,15632,3360,41,0.0,0.0
97,2020-07-10 00:00:00,13488,2949,37,0.0,0.0
98,2020-07-11 00:00:00,11193,2686,30,0.0,0.0
99,2020-07-12 00:00:00,11059,2666,47,0.0,0.0
100,2020-07-13 00:00:00,12423,3099,39,0.0,0.0
101,2020-07-14 00:00:00,13453,3163,33,0.0,0.0
102,2020-07-15 00:00:00,14002,3533,33,0.0,0.0
103,2020-07-16 00:00:00,12889,2733,39,0.0,0.0
104,2020-07-17 00:00:00,13460,3034,51,0.0,0.0
105,2020-07-18 00:00:00,10923,2709,34,0.0,0.0
106,2020-07-19 00:00:00,10625,2459,37,0.0,0.0
107,2020-07-20 00:00:00,13362,2928,50,0.0,0.0
108,2020-07-21 00:00:00,12898,3057,41,0.0,0.0
109,2020-07-22 00:00:00,12050,2744,42,0.0,0.0
110,2020-07-23 00:00:00,12398,2856,50,0.0,0.0
111,2020-07-24 00:00:00,12027,2548,35,0.0,0.0
112,2020-07-25 00:00:00,10446,2520,38,0.0,0.0
113,2020-07-26 00:00:00,10078,2275,54,0.0,0.0
114,2020-07-27 00:00:00,12859,2772,37,0.0,0.0
115,2020-07-28 00:00:00,12714,2960,35,0.0,0.0
116,2020-07-29 00:00:00,14127,3009,35,0.0,0.0
117,2020-07-30 00:00:00,12937,2695,48,0.0,0.0
118,2020-07-31 00:00:00,12614,2772,28,0.0,0.0
119,2020-08-01 00:00:00,8802,2199,21,0.0,0.0
120,2020-08-02 00:00:00,3684,886,22,0.0,0.0
121,2020-08-03 00:00:00,4249,1356,30,0.0,0.0
122,2020-08-04 00:00:00,7712,1918,50,0.0,0.0
123,2020-08-05 00:00:00,11160,2654,33,0.0,0.0
124,2020-08-06 00:00:00,12708,2977,39,0.0,0.0
125,2020-08-07 00:00:00,12699,2851,27,0.0,0.0
126,2020-08-08 00:00:00,11737,2611,32,0.0,0.0
127,2020-08-09 00:00:00,10759,2487,34,0.0,0.0
128,2020-08-10 00:00:00,12849,2907,39,0.0,0.0
129,2020-08-11 00:00:00,14820,2996,33,0.0,0.0
130,2020-08-12 00:00:00,14751,2995,42,0.0,0.0
131,2020-08-13 00:00:00,13162,2617,44,0.0,0.0
132,2020-08-14 00:00:00,12856,2766,34,0.0,0.0
133,2020-08-15 00:00:00,12891,2644,34,0.0,0.0
134,2020-08-16 00:00:00,10018,2024,32,0.0,0.0
135,2020-08-17 00:00:00,12523,2595,37,0.0,0.0
136,2020-08-18 00:00:00,14630,3200,46,0.0,0.0
137,2020-08-19 00:00:00,14678,2747,41,0.0,0.0
138,2020-08-20 00:00:00,14059,2868,41,0.0,0.0
139,2020-08-21 00:00:00,12943,2401,39,0.0,0.0
140,2020-08-22 00:00:00,11356,2265,46,0.0,0.0
141,2020-08-23 00:00:00,10801,1973,34,0.0,0.0
142,2020-08-24 00:00:00,13382,2485,42,0.0,0.0
143,2020-08-25 00:00:00,14153,2545,45,0.0,0.0
144,2020-08-26 00:00:00,15070,2519,54,0.0,0.0
145,2020-08-27 00:00:00,15124,2436,45,0.0,0.0
146,2020-08-28 00:00:00,13741,2211,47,0.0,0.0
147,2020-08-29 00:00:00,11689,2131,32,0.0,0.0
148,2020-08-30 00:00:00,11934,1897,42,0.0,0.0
149,2020-08-31 00:00:00,12454,2174,33,0.0,0.0
150,2020-09-01 00:00:00,12209,1950,35,0.0,0.0
151,2020-09-02 00:00:00,15204,2582,35,0.0,0.0
152,2020-09-03 00:00:00,14422,2158,32,0.0,0.0
153,2020-09-04 00:00:00,13073,1929,29,0.0,0.0
154,2020-09-05 00:00:00,12847,1950,35,0.0,0.0
155,2020-09-06 00:00:00,11354,1592,32,0.0,0.0
156,2020-09-07 00:00:00,15412,2202,37,0.0,0.0
157,2020-09-08 00:00:00,14973,1892,36,0.0,0.0
158,2020-09-09 00:00:00,14755,1827,41,0.0,0.0
159,2020-09-10 00:00:00,15559,1892,41,0.0,0.0
160,2020-09-11 00:00:00,14747,1792,34,0.0,0.0
161,2020-09-12 00:00:00,10723,1282,34,0.0,0.0
162,2020-09-13 00:00:00,12999,1476,31,0.0,0.0
163,2020-09-14 00:00:00,14216,1812,26,0.0,0.0
164,2020-09-15 00:00:00,14050,1724,43,0.0,0.0
165,2020-09-16 00:00:00,13360,1615,21,0.0,0.0
166,2020-09-17 00:00:00,13673,1593,36,0.0,0.0
167,2020-09-18 00:00:00,12730,1541,22,0.0,0.0
168,2020-09-19 00:00:00,13170,1567,32,0.0,0.0
169,2020-09-20 00:00:00,11591,1544,26,0.0,0.0
170,2020-09-21 00:00:00,13053,1705,40,0.0,0.0
171,2020-09-22 00:00:00,14164,1557,28,0.0,0.0
172,2020-09-23 00:00:00,14150,1666,37,0.0,0.0
173,2020-09-24 00:00:00,12900,1540,28,0.0,0.0
174,2020-09-25 00:00:00,12473,1383,21,0.0,0.0
175,2020-09-26 00:00:00,10765,1106,36,0.0,0.0
176,2020-09-27 00:00:00,10685,1275,32,0.0,0.0
177,2020-09-28 00:00:00,11922,1407,32,0.0,0.0
178,2020-09-29 00:00:00,12869,1488,26,0.0,0.0
179,2020-09-30 00:00:00,13404,1436,32,0.0,0.0
180,2020-10-01 00:00:00,11420,1508,21,0.0,0.0
181,2020-10-02 00:00:00,11176,1396,33,0.0,0.0
182,2020-10-03 00:00:00,9554,1182,20,0.0,0.0
183,2020-10-04 00:00:00,9859,1125,23,0.0,0.0
184,2020-10-05 00:00:00,11767,1442,27,0.0,0.0
185,2020-10-06 00:00:00,12345,1499,30,0.0,0.0
186,2020-10-07 00:00:00,13032,1520,35,0.0,0.0
187,2020-10-08 00:00:00,12605,1441,20,0.0,0.0
188,2020-10-09 00:00:00,11256,1278,17,0.0,0.0
189,2020-10-10 00:00:00,10859,1203,23,0.0,0.0
190,2020-10-11 00:00:00,9467,1193,24,0.0,0.0
191,2020-10-12 00:00:00,13227,1472,31,0.0,0.0
192,2020-10-13 00:00:00,13815,1537,22,0.0,0.0
193,2020-10-14 00:00:00,14411,1684,16,0.0,0.0
194,2020-10-15 00:00:00,14104,1600,15,0.0,0.0
195,2020-10-16 00:00:00,13577,1527,15,0.0,0.0
196,2020-10-17 00:00:00,11573,1209,23,0.0,0.0
197,2020-10-18 00:00:00,11866,1274,14,0.0,0.0
198,2020-10-19 00:00:00,15146,1637,21,0.0,0.0
199,2020-10-20 00:00:00,13611,1380,18,0.0,0.0
200,2020-10-21 00:00:00,14086,1545,24,0.0,0.0
201,2020-10-22 00:00:00,14958,1696,24,0.0,0.0
202,2020-10-23 00:00:00,14119,1586,14,0.0,0.0
203,2020-10-24 00:00:00,10998,1094,19,0.0,0.0
204,2020-10-25 00:00:00,11103,1308,23,0.0,0.0
205,2020-10-26 00:00:00,13758,1436,15,0.0,0.0
206,2020-10-27 00:00:00,12617,1335,20,0.0,0.0
207,2020-10-28 00:00:00,12357,1493,23,0.0,0.0
208,2020-10-29 00:00:00,14268,1681,25,0.0,0.0
209,2020-10-30 00:00:00,14141,1604,19,0.0,0.0
210,2020-10-31 00:00:00,11532,1320,18,0.0,0.0
211,2020-11-01 00:00:00,12549,1568,18,0.0,0.0
212,2020-11-02 00:00:00,12891,1736,25,0.0,0.0
213,2020-11-03 00:00:00,14061,1659,17,0.0,0.0
214,2020-11-04 00:00:00,13914,1517,21,0.0,0.0
215,2020-11-05 00:00:00,15225,1842,17,0.0,0.0
216,2020-11-06 00:00:00,13521,1469,15,0.0,0.0
217,2020-11-07 00:00:00,11419,1289,13,0.0,0.0
218,2020-11-08 00:00:00,12760,1474,18,0.0,0.0
219,2020-11-09 00:00:00,14042,1683,25,0.0,0.0
220,2020-11-10 00:00:00,13520,1699,16,0.0,0.0
221,2020-11-11 00:00:00,14524,1733,19,0.0,0.0
222,2020-11-12 00:00:00,17112,1845,13,0.0,0.0
223,2020-11-13 00:00:00,13539,1767,19,0.0,0.0
224,2020-11-14 00:00:00,11795,1531,14,0.0,0.0
225,2020-11-15 00:00:00,14060,1837,21,0.0,0.0
226,2020-11-16 00:00:00,15768,2139,21,0.0,0.0
227,2020-11-17 00:00:00,15990,2212,39,0.0,0.0
228,2020-11-18 00:00:00,16469,2111,21,0.0,0.0
229,2020-11-19 00:00:00,17531,2364,30,0.0,0.0
230,2020-11-20 00:00:00,15607,2275,17,0.0,0.0
231,2020-11-21 00:00:00,12643,1847,28,0.0,0.0
232,2020-11-22 00:00:00,13870,2060,38,0.0,0.0
233,2020-11-23 00:00:00,16059,2419,28,0.0,0.0
234,2020-11-24 00:00:00,15018,2230,32,0.0,0.0
235,2020-11-25 00:00:00,16001,2156,39,0.0,0.0
236,2020-11-26 00:00:00,17052,2292,37,0.0,0.0
237,2020-11-27 00:00:00,16378,2273,20,0.0,0.0
238,2020-11-28 00:00:00,14012,1908,36,0.0,0.0
239,2020-11-29 00:00:00,13737,1788,29,0.0,0.0
240,2020-11-30 00:00:00,15372,2525,35,0.0,0.0
241,2020-12-01 00:00:00,15501,2293,31,0.0,0.0
242,2020-12-02 00:00:00,15972,2198,38,0.0,0.0
243,2020-12-03 00:00:00,16807,2316,35,0.0,0.0
244,2020-12-04 00:00:00,15430,2252,24,0.0,0.0
245,2020-12-05 00:00:00,13540,1888,35,0.0,0.0
246,2020-12-06 00:00:00,13218,1666,31,0.0,0.0
247,2020-12-07 00:00:00,14369,2198,36,0.0,0.0
248,2020-12-08 00:00:00,17084,2202,32,0.0,0.0
249,2020-12-09 00:00:00,17042,2159,24,0.0,0.0
250,2020-12-10 00:00:00,16265,1861,37,0.0,0.0
251,2020-12-11 00:00:00,16323,1884,19,0.0,0.0
252,2020-12-12 00:00:00,12630,1329,34,0.0,0.0
253,2020-12-13 00:00:00,12748,1355,32,0.0,0.0
254,2020-12-14 00:00:00,16828,1799,37,0.0,0.0
255,2020-12-15 00:00:00,19054,1877,40,0.0,0.0
256,2020-12-16 00:00:00,17025,1632,27,0.0,0.0
257,2020-12-17 00:00:00,13191,1134,36,0.0,0.0
258,2020-12-18 00:00:00,14336,1318,25,0.0,0.0
259,2020-12-19 00:00:00,12300,1267,25,0.0,0.0
260,2020-12-20 00:00:00,13316,1153,38,0.0,0.0
261,2020-12-21 00:00:00,15669,1470,32,0.0,0.0
262,2020-12-22 00:00:00,15145,1318,17,0.0,0.0
263,2020-12-23 00:00:00,15932,1367,30,0.0,0.0
264,2020-12-24 00:00:00,13227,1234,19,0.0,0.0
265,2020-12-25 00:00:00,13695,1163,20,0.0,0.0
266,2020-12-26 00:00:00,9912,834,30,0.0,0.0
267,2020-12-27 00:00:00,12650,1049,24,0.0,0.0
268,2020-12-28 00:00:00,12617,932,27,0.0,0.0
269,2020-12-29 00:00:00,14588,1181,30,0.0,0.0
270,2020-12-30 00:00:00,15229,1235,22,0.0,0.0
271,2020-12-31 00:00:00,13254,1014,28,0.0,0.0
272,2021-01-01 00:00:00,12103,990,17,0.0,0.0
273,2021-01-02 00:00:00,9701,684,23,0.0,0.0
274,2021-01-03 00:00:00,10925,835,27,0.0,0.0
275,2021-01-04 00:00:00,12096,910,24,0.0,0.0
276,2021-01-05 00:00:00,14462,991,20,0.0,0.0
277,2021-01-06 00:00:00,15544,978,17,0.0,0.0
278,2021-01-07 00:00:00,15381,1007,31,0.0,0.0
279,2021-01-08 00:00:00,13681,785,16,0.0,0.0
280,2021-01-09 00:00:00,12908,692,22,0.0,0.0
281,2021-01-10 00:00:00,12920,1071,25,0.0,0.0
282,2021-01-11 00:00:00,14097,849,22,0.0,0.0
283,2021-01-12 00:00:00,14363,718,16,0.0,0.0
284,2021-01-13 00:00:00,15727,890,14,0.0,0.0
285,2021-01-14 00:00:00,16608,813,16,0.0,0.0
286,2021-01-15 00:00:00,13678,762,13,0.0,0.0
287,2021-01-16 00:00:00,12215,578,21,0.0,0.0
288,2021-01-17 00:00:00,13446,569,23,0.0,0.0
289,2021-01-18 00:00:00,12707,697,16,0.0,0.0
290,2021-01-19 00:00:00,15097,702,20,0.0,0.0
291,2021-01-20 00:00:00,15410,656,8,0.0,0.0
292,2021-01-21 00:00:00,14761,584,16,0.0,0.0
293,2021-01-22 00:00:00,14846,619,15,0.0,0.0
294,2021-01-23 00:00:00,11115,436,22,0.0,0.0
295,2021-01-24 00:00:00,14169,473,20,0.0,0.0
296,2021-01-25 00:00:00,14829,602,18,0.0,0.0
297,2021-01-26 00:00:00,14401,515,14,0.0,0.0
298,2021-01-27 00:00:00,15720,528,17,26.0,0.0
299,2021-01-28 00:00:00,14830,509,15,541.0,0.0
300,2021-01-29 00:00:00,12075,454,7,0.0,0.0
301,2021-01-30 00:00:00,12084,363,17,0.0,0.0
302,2021-01-31 00:00:00,12225,369,16,0.0,0.0
303,2021-02-01 00:00:00,12475,443,10,0.0,0.0
304,2021-02-02 00:00:00,14452,525,12,0.0,0.0
305,2021-02-03 00:00:00,14985,438,13,0.0,0.0
306,2021-02-04 00:00:00,15273,485,13,0.0,0.0
307,2021-02-05 00:00:00,15566,435,7,0.0,0.0
308,2021-02-06 00:00:00,12135,305,8,0.0,0.0
309,2021-02-07 00:00:00,12404,292,15,31160.0,0.0
310,2021-02-08 00:00:00,13762,316,16,46509.0,0.0
311,2021-02-09 00:00:00,14468,387,8,101082.0,0.0
312,2021-02-10 00:00:00,14999,388,10,154914.0,0.0
313,2021-02-11 00:00:00,15776,418,9,204540.0,0.0
314,2021-02-12 00:00:00,14328,404,5,0.0,0.0
315,2021-02-13 00:00:00,12871,291,13,194371.0,0.0
316,2021-02-14 00:00:00,12900,326,8,169353.0,0.0
317,2021-02-15 00:00:00,14138,446,11,226678.0,0.0
318,2021-02-16 00:00:00,14788,396,13,226902.0,0.0
319,2021-02-17 00:00:00,16612,443,16,226755.0,0.0
320,2021-02-18 00:00:00,14603,391,15,261945.0,0.0
321,2021-02-19 00:00:00,14232,406,8,0.0,0.0
322,2021-02-20 00:00:00,11148,350,5,234564.0,0.0
323,2021-02-21 00:00:00,14036,327,7,0.0,0.0
324,2021-02-22 00:00:00,11103,366,7,225280.0,0.0
325,2021-02-23 00:00:00,12748,399,18,182896.0,0.0
326,2021-02-24 00:00:00,16152,428,5,181985.0,0.0
327,2021-02-25 00:00:00,15560,410,5,181439.0,0.0
328,2021-02-26 00:00:00,15032,470,11,0.0,0.0
329,2021-02-27 00:00:00,12348,407,5,133833.0,0.0
330,2021-02-28 00:00:00,13411,385,8,125752.0,0.0
331,2021-03-01 00:00:00,13570,585,8,116300.0,0.0
332,2021-03-02 00:00:00,15325,515,7,114680.0,0.0
333,2021-03-03 00:00:00,16414,614,5,118654.0,0.0
334,2021-03-04 00:00:00,15985,619,7,121010.0,0.0
335,2021-03-05 00:00:00,13710,635,6,0.0,0.0
336,2021-03-06 00:00:00,13082,540,10,100983.0,0.0
337,2021-03-07 00:00:00,14092,606,11,107200.0,0.0
338,2021-03-08 00:00:00,16958,845,14,117148.0,0.0
339,2021-03-09 00:00:00,17775,912,13,107463.0,0.0
340,2021-03-10 00:00:00,17032,1018,7,104990.0,0.0
341,2021-03-11 00:00:00,18058,1051,6,99174.0,0.0
342,2021-03-12 00:00:00,16111,1066,13,0.0,0.0
343,2021-03-13 00:00:00,16206,1014,12,84292.0,0.0
344,2021-03-14 00:00:00,16206,1159,18,95675.0,0.0
345,2021-03-15 00:00:00,18695,1773,26,87860.0,0.0
346,2021-03-16 00:00:00,20748,1719,26,94437.0,0.0
347,2021-03-17 00:00:00,24275,1865,11,0.0,0.0
348,2021-03-18 00:00:00,20925,2187,16,107433.0,0.0
349,2021-03-19 00:00:00,18917,1899,18,0.0,0.0
350,2021-03-20 00:00:00,19900,1868,26,72923.0,0.0
351,2021-03-21 00:00:00,21108,2172,22,80222.0,0.0
352,2021-03-22 00:00:00,25111,2809,30,70933.0,0.0
353,2021-03-23 00:00:00,25954,3554,18,78330.0,0.0
354,2021-03-24 00:00:00,27502,3567,25,78817.0,0.0
355,2021-03-25 00:00:00,27045,3587,34,70407.0,0.0
356,2021-03-26 00:00:00,27299,3737,33,0.0,0.0
357,2021-03-27 00:00:00,24664,3674,39,65368.0,0.0
358,2021-03-28 00:00:00,22136,3908,35,58424.0,0.0
359,2021-03-29 00:00:00,28195,5181,45,56431.0,0.0
360,2021-03-30 00:00:00,26620,5042,45,0.0,0.0
361,2021-03-31 00:00:00,26931,5358,52,50752.0,0.0
362,2021-04-01 00:00:00,28191,6469,59,42360.0,0.0
363,2021-04-02 00:00:00,30293,6830,50,0.0,0.0
364,2021-04-03 00:00:00,24100,5683,58,39843.0,0.0
365,2021-04-04 00:00:00,30724,7087,53,45538.0,0.0
366,2021-04-05 00:00:00,30239,7075,52,41322.0,0.0
367,2021-04-06 00:00:00,34311,7213,66,16181.0,0.0
368,2021-04-07 00:00:00,34630,7626,63,13028.0,0.0
369,2021-04-08 00:00:00,33193,6854,74,14804.0,81323.0
370,2021-04-09 00:00:00,31654,7462,63,0.0,0.0
371,2021-04-10 00:00:00,26077,5343,77,19943.0,136703.0
372,2021-04-11 00:00:00,29376,5819,78,23657.0,165691.0
373,2021-04-12 00:00:00,34968,7201,83,22456.0,138879.0
374,2021-04-13 00:00:00,32955,6028,69,26750.0,210579.0
375,2021-04-14 00:00:00,24825,5185,96,0.0,0.0
376,2021-04-15 00:00:00,19959,4192,94,10572.0,196976.0
377,2021-04-16 00:00:00,18906,4417,101,0.0,0.0
378,2021-04-17 00:00:00,16185,3473,101,12157.0,221616.0
379,2021-04-18 00:00:00,19404,3698,102,15048.0,214842.0
380,2021-04-19 00:00:00,24152,4271,112,15057.0,140678.0
381,2021-04-20 00:00:00,27056,4559,91,15938.0,170902.0
382,2021-04-21 00:00:00,28408,4280,95,16817.0,137798.0
383,2021-04-22 00:00:00,27429,4014,98,16784.0,151988.0
384,2021-04-23 00:00:00,25896,3629,88,0.0,0.0
385,2021-04-24 00:00:00,20571,2697,83,20194.0,187321.0
386,2021-04-25 00:00:00,21922,2922,101,19520.0,171570.0
387,2021-04-26 00:00:00,25786,3306,97,891.0,131357.0
388,2021-04-27 00:00:00,24237,3031,78,325.0,120861.0
389,2021-04-28 00:00:00,28206,2955,77,30.0,119071.0
390,2021-04-29 00:00:00,24928,2341,88,10.0,107539.0
391,2021-04-30 00:00:00,21046,2177,57,0.0,0.0
392,2021-05-01 00:00:00,15117,1452,60,0.0,0.0
393,2021-05-02 00:00:00,14158,1359,69,53.0,130547.0
394,2021-05-03 00:00:00,19431,1739,65,10.0,86928.0
395,2021-05-04 00:00:00,21984,1914,61,38.0,83540.0
396,2021-05-05 00:00:00,20284,1742,50,54.0,103800.0
397,2021-05-06 00:00:00,21585,1822,41,43.0,102915.0
398,2021-05-07 00:00:00,17013,1682,37,0.0,0.0
399,2021-05-08 00:00:00,14703,1285,45,2.0,88107.0
400,2021-05-09 00:00:00,16915,1386,56,44.0,94655.0
401,2021-05-10 00:00:00,16848,1514,38,0.0,0.0
402,2021-05-11 00:00:00,14184,1230,33,10.0,97337.0
403,2021-05-12 00:00:00,15296,1140,40,2.0,57630.0
404,2021-05-13 00:00:00,13471,1290,31,0.0,0.0
405,2021-05-14 00:00:00,7835,848,26,0.0,0.0
406,2021-05-15 00:00:00,3758,261,22,0.0,0.0
407,2021-05-16 00:00:00,5430,363,25,0.0,48930.0
408,2021-05-17 00:00:00,10347,698,32,0.0,56940.0
409,2021-05-18 00:00:00,16855,1272,30,0.0,64377.0
410,2021-05-19 00:00:00,20528,1608,37,0.0,55436.0
411,2021-05-20 00:00:00,19437,1457,36,0.0,53915.0
412,2021-05-21 00:00:00,18294,1504,26,0.0,0.0
413,2021-05-22 00:00:00,12230,1028,38,0.0,41467.0
414,2021-05-23 00:00:00,15205,1354,28,59.0,43304.0
415,2021-05-24 00:00:00,17683,1441,25,30.0,34853.0
416,2021-05-25 00:00:00,16624,1675,40,501.0,33655.0
417,2021-05-26 00:00:00,16434,1497,17,0.0,0.0
418,2021-05-27 00:00:00,15915,1292,22,14.0,37287.0
419,2021-05-28 00:00:00,14606,1358,31,0.0,0.0
420,2021-05-29 00:00:00,13184,1043,38,738.0,20938.0
421,2021-05-30 00:00:00,14277,1444,34,903.0,19459.0
422,2021-05-31 00:00:00,18178,1710,36,0.0,12216.0
423,2021-06-01 00:00:00,18250,1765,41,0.0,12313.0
424,2021-06-02 00:00:00,20259,1988,34,0.0,7713.0
425,2021-06-03 00:00:00,16972,1687,30,20.0,9180.0
426,2021-06-04 00:00:00,18151,1887,34,0.0,0.0
427,2021-06-05 00:00:00,13115,1447,43,0.0,6197.0
428,2021-06-06 00:00:00,15613,1676,38,30.0,7363.0
429,2021-06-07 00:00:00,17169,1970,30,0.0,6482.0
430,2021-06-08 00:00:00,19165,2322,44,0.0,5563.0
431,2021-06-09 00:00:00,20584,2537,36,0.0,5287.0
432,2021-06-10 00:00:00,19447,2576,40,0.0,6828.0
433,2021-06-11 00:00:00,18535,2454,43,0.0,0.0
434,2021-06-12 00:00:00,11590,1637,39,0.0,4141.0
435,2021-06-13 00:00:00,18749,2436,47,0.0,5170.0
436,2021-06-14 00:00:00,20602,3050,54,0.0,3359.0
437,2021-06-15 00:00:00,23265,3319,50,0.0,3973.0
438,2021-06-16 00:00:00,23807,3956,60,0.0,3568.0
439,2021-06-17 00:00:00,24871,3840,63,0.0,3295.0
440,2021-06-18 00:00:00,20882,3883,54,0.0,0.0
441,2021-06-19 00:00:00,16964,3057,67,4320.0,2589.0
442,2021-06-20 00:00:00,22231,3641,82,4064.0,3371.0
443,2021-06-21 00:00:00,24057,4636,78,6007.0,3003.0
444,2021-06-22 00:00:00,25028,4846,76,6015.0,3185.0
445,2021-06-23 00:00:00,28256,5727,85,5692.0,2901.0
446,2021-06-24 00:00:00,30391,6058,81,4720.0,2733.0
447,2021-06-25 00:00:00,27653,5869,108,0.0,0.0
448,2021-06-26 00:00:00,19262,4334,77,6784.0,2116.0
449,2021-06-27 00:00:00,24400,5268,119,6990.0,2105.0
450,2021-06-28 00:00:00,35059,8364,104,4291.0,1218.0
451,2021-06-29 00:00:00,31982,7666,112,4837.0,1615.0
452,2021-06-30 00:00:00,35105,8822,115,4975.0,2249.0
453,2021-07-01 00:00:00,32055,8301,143,4120.0,703.0
454,2021-07-02 00:00:00,30012,8483,132,0.0,0.0
455,2021-07-03 00:00:00,22687,6214,134,7949.0,1051.0
456,2021-07-04 00:00:00,29879,8661,153,8616.0,743.0
457,2021-07-05 00:00:00,34002,9964,164,9599.0,893.0
458,2021-07-06 00:00:00,36631,11525,163,9116.0,581.0
459,2021-07-07 00:00:00,35639,11162,201,10452.0,651.0
460,2021-07-08 00:00:00,36850,11651,199,22800.0,723.0
461,2021-07-09 00:00:00,36586,11324,212,0.0,0.0
462,2021-07-10 00:00:00,27884,8772,185,44762.0,356.0
463,2021-07-11 00:00:00,40015,11874,230,50281.0,324.0
464,2021-07-12 00:00:00,44067,13768,220,69623.0,355.0
465,2021-07-13 00:00:00,41755,12198,203,138167.0,293.0
466,2021-07-14 00:00:00,42490,12383,210,178196.0,212.0
467,2021-07-15 00:00:00,44941,12236,226,196633.0,665.0
468,2021-07-16 00:00:00,41947,12148,187,0.0,0.0
469,2021-07-17 00:00:00,29214,8489,204,182016.0,708.0
470,2021-07-18 00:00:00,39806,11578,225,195375.0,967.0
471,2021-07-19 00:00:00,45012,13321,231,180809.0,733.0
472,2021-07-20 00:00:00,39510,11579,200,0.0,0.0
473,2021-07-21 00:00:00,24979,7614,173,0.0,0.0
474,2021-07-22 00:00:00,11486,3697,187,0.0,0.0
475,2021-07-23 00:00:00,20493,6364,166,0.0,0.0
476,2021-07-24 00:00:00,20827,6780,195,159663.0,1432.0
477,2021-07-25 00:00:00,37587,11291,228,211375.0,3194.0
478,2021-07-26 00:00:00,50952,15192,247,217058.0,4478.0
479,2021-07-27 00:00:00,52478,14925,258,241251.0,5355.0
480,2021-07-28 00:00:00,53877,16230,237,251741.0,6529.0
481,2021-07-29 00:00:00,52282,15271,239,250928.0,7157.0
482,2021-07-30 00:00:00,45044,13862,212,0.0,0.0
483,2021-07-31 00:00:00,30980,9369,218,284725.0,9902.0
484,2021-08-01 00:00:00,49529,14844,231,302069.0,12281.0
485,2021-08-02 00:00:00,53462,15989,246,290685.0,16262.0
486,2021-08-03 00:00:00,55284,15776,235,298588.0,23855.0
487,2021-08-04 00:00:00,49514,13817,241,312536.0,24347.0
488,2021-08-05 00:00:00,46995,12744,264,279844.0,27386.0
489,2021-08-06 00:00:00,48015,12606,248,0.0,0.0
490,2021-08-07 00:00:00,31714,8136,261,3070268.0,53798.0
491,2021-08-08 00:00:00,42003,10299,241,596224.0,98476.0
492,2021-08-09 00:00:00,47207,11463,245,494721.0,137220.0
493,2021-08-10 00:00:00,47424,11164,264,318437.0,169132.0
494,2021-08-11 00:00:00,44430,10420,237,253715.0,163772.0
495,2021-08-12 00:00:00,45078,10126,215,288507.0,158366.0
496,2021-08-13 00:00:00,40641,8465,197,0.0,0.0
497,2021-08-14 00:00:00,33330,6885,178,149914.0,204034.0
498,2021-08-15 00:00:00,33001,6684,187,0.0,0.0
499,2021-08-16 00:00:00,33015,6959,174,174880.0,265935.0
500,2021-08-17 00:00:00,39278,7535,198,161491.0,235916.0
501,2021-08-18 00:00:00,41014,7248,172,179758.0,199344.0
502,2021-08-19 00:00:00,37226,6566,159,180965.0,124862.0
503,2021-08-20 00:00:00,34892,5993,145,0.0,0.0
504,2021-08-21 00:00:00,23882,3991,120,227526.0,141064.0
505,2021-08-22 00:00:00,31689,4804,139,275209.0,180007.0
506,2021-08-23 00:00:00,36789,5717,117,287210.0,180742.0
507,2021-08-24 00:00:00,34708,5249,114,293857.0,220102.0
508,2021-08-25 00:00:00,33640,4966,114,299915.0,225647.0
509,2021-08-26 00:00:00,34111,4698,102,285908.0,228253.0
510,2021-08-27 00:00:00,27578,3525,117,0.0,0.0
511,2021-08-28 00:00:00,25129,3436,80,242665.0,209712.0
512,2021-08-29 00:00:00,27921,3948,89,218051.0,200240.0
513,2021-08-30 00:00:00,30855,3724,94,0.0,0.0
514,2021-08-31 00:00:00,28097,3357,86,200724.0,205300.0
515,2021-09-01 00:00:00,30294,3062,79,187150.0,162910.0
516,2021-09-02 00:00:00,33025,3436,88,199025.0,151252.0
517,2021-09-03 00:00:00,29438,3167,70,0.0,0.0
518,2021-09-04 00:00:00,17750,1743,61,205090.0,166678.0
519,2021-09-05 00:00:00,25163,2430,70,259401.0,207873.0
520,2021-09-06 00:00:00,27595,2710,65,274833.0,230818.0
521,2021-09-07 00:00:00,27233,2639,56,226451.0,2708469.0
522,2021-09-08 00:00:00,27528,2497,52,300794.0,853373.0
523,2021-09-09 00:00:00,29541,2588,58,294255.0,672859.0
524,2021-09-10 00:00:00,26878,2325,38,0.0,8258.0
525,2021-09-11 00:00:00,18869,1327,48,230769.0,347979.0
526,2021-09-12 00:00:00,25074,1871,51,255014.0,236482.0
527,2021-09-13 00:00:00,25388,1953,41,217100.0,164778.0
528,2021-09-14 00:00:00,31724,2074,35,184893.0,112063.0
529,2021-09-15 00:00:00,28615,1901,51,235755.0,142455.0
530,2021-09-16 00:00:00,31149,1862,51,291685.0,178278.0
531,2021-09-17 00:00:00,29756,1907,38,0.0,0.0
532,2021-09-18 00:00:00,19668,1190,35,297017.0,204024.0
533,2021-09-19 00:00:00,24623,1383,43,342960.0,225015.0
534,2021-09-20 00:00:00,27431,1555,26,332808.0,205528.0
535,2021-09-21 00:00:00,33327,1562,26,340551.0,236723.0
536,2021-09-22 00:00:00,28736,1376,36,345438.0,255841.0
537,2021-09-23 00:00:00,24820,1144,24,356955.0,262718.0
538,2021-09-24 00:00:00,27141,1233,31,0.0,0.0
539,2021-09-25 00:00:00,17818,818,25,327281.0,252719.0
540,2021-09-26 00:00:00,22221,980,21,381048.0,278489.0
541,2021-09-27 00:00:00,27787,1212,25,302248.0,187406.0
542,2021-09-28 00:00:00,29186,1310,31,6625123.0,133869.0
543,2021-09-29 00:00:00,28599,1178,17,1186093.0,148151.0
544,2021-09-30 00:00:00,26569,860,23,632897.0,138362.0
545,2021-10-01 00:00:00,24670,847,21,0.0,0.0
546,2021-10-02 00:00:00,17283,589,24,341578.0,113495.0
547,2021-10-03 00:00:00,21246,617,18,451363.0,138064.0
548,2021-10-04 00:00:00,24928,794,18,411464.0,141533.0
549,2021-10-05 00:00:00,25499,694,23,446088.0,153811.0
550,2021-10-06 00:00:00,24376,703,21,418131.0,154550.0
551,2021-10-07 00:00:00,22321,663,12,435305.0,173003.0
552,2021-10-08 00:00:00,23302,645,7,0.0,0.0
553,2021-10-09 00:00:00,16925,415,20,349528.0,145180.0
554,2021-10-10 00:00:00,20355,481,14,420194.0,190021.0
555,2021-10-11 00:00:00,23193,599,11,320207.0,163401.0
556,2021-10-12 00:00:00,23155,543,14,286419.0,161439.0
557,2021-10-13 00:00:00,22153,518,17,266544.0,139193.0
558,2021-10-14 00:00:00,21568,466,7,274201.0,158679.0
559,2021-10-15 00:00:00,18980,396,9,0.0,0.0
560,2021-10-16 00:00:00,15580,293,6,300023.0,172727.0
561,2021-10-17 00:00:00,18097,314,16,428016.0,241538.0
562,2021-10-18 00:00:00,18812,339,10,363618.0,233270.0
563,2021-10-19 00:00:00,21308,469,7,330760.0,231514.0
564,2021-10-20 00:00:00,20393,368,6,0.0,0.0
565,2021-10-21 00:00:00,16088,243,10,392214.0,362317.0
566,2021-10-22 00:00:00,17100,232,4,0.0,0.0
567,2021-10-23 00:00:00,15042,278,9,335106.0,270039.0
568,2021-10-24 00:00:00,18485,275,9,393181.0,329401.0
569,2021-10-25 00:00:00,20773,289,5,337988.0,267755.0
570,2021-10-26 00:00:00,19184,276,6,330868.0,247274.0
571,2021-10-27 00:00:00,19951,306,7,315190.0,222950.0
572,2021-10-28 00:00:00,19535,294,6,247662.0,5444166.0
573,2021-10-29 00:00:00,17811,305,7,0.0,0.0
574,2021-10-30 00:00:00,13240,166,8,266113.0,1912637.0
575,2021-10-31 00:00:00,17226,211,6,372331.0,548771.0
576,2021-11-01 00:00:00,19734,214,2,310415.0,327098.0
577,2021-11-02 00:00:00,20031,229,3,366337.0,332992.0
578,2021-11-03 00:00:00,19523,256,7,303942.0,310747.0
579,2021-11-04 00:00:00,18690,247,7,269414.0,312691.0
580,2021-11-05 00:00:00,17446,196,3,0.0,0.0
581,2021-11-06 00:00:00,13072,154,1,1346997.0,349715.0
582,2021-11-07 00:00:00,15234,178,4,916486.0,417550.0
583,2021-11-08 00:00:00,16812,215,6,1129320.0,339877.0
584,2021-11-09 00:00:00,17530,206,3,2593836.0,341033.0
585,2021-11-10 00:00:00,17987,235,2,1049734.0,296190.0
586,2021-11-11 00:00:00,19544,237,1,985671.0,274912.0
587,2021-11-12 00:00:00,17231,221,5,2530.0,742.0
588,2021-11-13 00:00:00,13569,151,6,217057.0,270573.0
589,2021-11-14 00:00:00,19517,223,4,284511.0,338715.0
590,2021-11-15 00:00:00,17700,234,4,253516.0,262303.0
591,2021-11-16 00:00:00,20764,213,2,499779.0,329464.0
592,2021-11-17 00:00:00,19670,266,6,470506.0,260185.0
593,2021-11-18 00:00:00,18124,253,7,607084.0,286828.0
594,2021-11-19 00:00:00,15107,178,0,0.0,0.0
595,2021-11-20 00:00:00,19507,244,5,715369.0,268632.0
596,2021-11-21 00:00:00,17135,199,7,476984.0,310792.0
597,2021-11-22 00:00:00,18614,264,2,514388.0,250489.0
598,2021-11-23 00:00:00,19568,284,3,1102993.0,294210.0
599,2021-11-24 00:00:00,21002,312,3,723227.0,277973.0
600,2021-11-25 00:00:00,18888,237,9,790247.0,281447.0
601,2021-11-26 00:00:00,16916,239,3,0.0,0.0
602,2021-11-27 00:00:00,13462,155,2,955657.0,216578.0
603,2021-11-28 00:00:00,19811,205,3,536223.0,245770.0
604,2021-11-29 00:00:00,16891,227,2,822722.0,240524.0
605,2021-11-30 00:00:00,19802,273,1,1496419.0,283416.0
606,2021-12-01 00:00:00,18851,282,2,998927.0,305262.0
607,2021-12-02 00:00:00,21057,261,3,1038056.0,299495.0
608,2021-12-03 00:00:00,17387,243,3,1899.0,1899.0
609,2021-12-04 00:00:00,16428,176,6,642635.0,263673.0
610,2021-12-05 00:00:00,19132,197,6,666819.0,309062.0
611,2021-12-06 00:00:00,19237,277,4,225731.0,358964.0
612,2021-12-07 00:00:00,20014,291,5,311518.0,1161519.0
613,2021-12-08 00:00:00,20549,277,6,348297.0,1085963.0
614,2021-12-09 00:00:00,21496,262,0,320380.0,1312423.0
615,2021-12-10 00:00:00,20052,269,1,0.0,0.0
616,2021-12-11 00:00:00,15632,177,5,227487.0,709368.0
617,2021-12-12 00:00:00,21612,329,6,291402.0,486962.0
618,2021-12-13 00:00:00,22037,385,3,325250.0,355796.0
619,2021-12-14 00:00:00,22870,295,3,338574.0,570312.0
620,2021-12-15 00:00:00,28153,297,4,367004.0,565635.0
621,2021-12-16 00:00:00,25203,257,3,0.0,0.0
622,2021-12-17 00:00:00,16310,191,2,0.0,0.0
623,2021-12-18 00:00:00,13991,122,4,363539.0,927256.0
624,2021-12-19 00:00:00,19332,211,1,315552.0,89049.0
625,2021-12-20 00:00:00,19955,260,2,0.0,0.0
